site,att,subjectID,AUC,alphaC,betaC,gammaC,lambdaC,alphaA,betaA,gammaA,lambdaA,alphaR,betaR,gammaR,lambdaR
0,-1,1,0.118280568497434,0.198196804020384,2.30402482122067,0.00769056222016072,0.138064942778777,0.175575890009399,3.01612412532743,0.5,0.188127520574509,1.12883838441471,0.76390252041452,0.0153811244403214,0.733890195103565
0,0,1,0.0939854895089622,0.164282901613929,4.47285406764066,3.37490731025793e-13,0.0713768400863818,0.155161633637678,4.9598082366678,0.5,0.0885421211946204,1.05878558869488,0.901819960411556,6.74981462051586e-13,0.806134290926819
0,1,1,0.10108874856549,0.167415059498834,3.79840757125449,7.09641347448928e-13,0.0409862350299805,0.170955989118942,3.93297057802458,0.5,0.00711416093063749,0.979287478383434,0.965785910649328,1.41928269489786e-12,5.76121842471559
